topo,total_dynamic,total_leakage,router_area,link_area
stats.txt,6.0583749138,10.6038281914,5.98149736448e-06,5.6589798494e-05,
mesh,7.31509705122,11.2445810588,6.35357082624e-06,6.32890106016e-05,
